date,content
2025/11/24,洗髓丹
2025/11/27,洗髓丹
2025/11/29,洗练石
2025/11/29,尘封的符石
2025/11/29,洗练石
2025/11/29,洗练石
2025/11/29,洗练石
2025/11/29,洗练石
2025/11/29,洗练石
2025/11/29,洗练石
2025/11/29,尘封的符石
2025/11/29,尘封的符石
2025/11/29,洗练石
2025/11/29,洗练石
2025/11/29,洗练石
2025/11/29,神兽之灵
2025/11/29,洗练石
2025/11/30,洗练石
2025/11/30,洗髓丹
2025/12/2,洗练石
2025/12/2,洗练石
2025/12/2,洗练石
2025/12/2,尘封的符石
2025/12/2,洗练石
2025/12/3,洗练石
2025/12/3,洗练石
2025/12/3,尘封的符石
2025/12/4,洗练石
2025/12/4,尘封的符石
2025/12/4,洗练石
2025/12/5,洗练石
2025/12/5,洗练石
2025/12/5,洗练石
2025/12/5,洗练石
2025/12/5,洗练石
2025/12/5,洗练石
2025/12/5,洗练石
2025/12/5,洗练石
2025/12/5,洗练石
2025/12/6,洗练石
2025/12/6,洗练石
2025/12/6,洗练石
2025/12/6,尘封的符石
2025/12/6,洗练石
2025/12/6,洗练石
2025/12/6,洗练石
2025/12/6,尘封的符石
2025/12/6,尘封的符石
2025/12/6,尘封的符石
2025/12/6,尘封的符石
2025/12/7,洗练石
2025/12/7,洗练石
2025/12/7,尘封的符石
2025/12/7,尘封的符石
2025/12/7,尘封的符石
2025/12/7,洗髓丹
2025/12/7,洗髓丹
2025/12/9,洗练石
2025/12/10,洗练石
2025/12/10,洗练石
2025/12/10,洗练石
2025/12/10,尘封的符石
2025/12/11,尘封的符石
2025/12/11,洗练石
2025/12/11,尘封的符石
2025/12/11,洗练石
2025/12/11,洗练石
2025/12/11,尘封的符石
2025/12/12,洗练石
2025/12/12,尘封的符石
2025/12/13,尘封的符石
2025/12/13,洗练石
2025/12/13,洗练石
2025/12/13,洗练石
2025/12/13,洗练石
2025/12/13,尘封的符石
2025/12/13,洗练石
2025/12/13,洗练石
2025/12/13,洗练石
2025/12/13,洗练石
2025/12/14,洗练石
2025/12/14,尘封的符石
2025/12/14,尘封的符石
2025/12/14,尘封的符石
2025/12/14,尘封的符石
2025/12/14,洗髓丹
2025/12/14,洗髓丹
2025/12/15,洗练石
2025/12/15,尘封的符石
2025/12/16,洗练石
2025/12/16,尘封的符石
2025/12/16,尘封的符石
2025/12/16,尘封的符石
2025/12/17,洗练石
2025/12/17,洗练石
2025/12/17,尘封的符石
2025/12/17,尘封的符石
2025/12/18,尘封的符石
2025/12/18,洗练石
2025/12/19,洗练石
2025/12/19,洗练石
2025/12/19,尘封的符石
2025/12/19,洗练石
2025/12/20,洗练石
2025/12/20,洗练石
2025/12/20,洗练石
2025/12/20,洗练石
2025/12/20,洗练石
2025/12/20,洗练石
2025/12/20,尘封的符石
2025/12/20,尘封的符石
2025/12/20,尘封的符石
2025/12/20,尘封的符石
2025-12-21,尘封的符石
2025-12-21,神兽之灵
2025-12-22,神兽之灵
2025-12-22,洗练石
2025-12-22,洗练石
2025-12-22,洗练石
2025-12-23,洗练石
2025-12-23,尘封的符石
2025-12-24,潜能
2025-12-24,洗练石
2025-12-24,尘封的符石
2025-12-24,尘封的符石
2025-12-24,尘封的符石
2025-12-24,洗练石
2025-12-24,洗练石
2025-12-25,尘封的符石
2025-12-26,尘封的符石
2025-12-27,洗练石
2025-12-27,洗练石
2025-12-27,洗练石
2025-12-27,洗练石
2025-12-27,洗练石
2025-12-27,尘封的符石
2025-12-27,尘封的符石
2025-12-28,洗髓丹
2025-12-29,洗练石
2025-12-29,洗练石
2025-12-29,洗练石
2025-12-29,尘封的符石
2025-12-29,神兽之灵
2025-12-30,洗练石
2025-12-30,洗练石
2025-12-30,尘封的符石
2025-12-31,洗练石
2025-12-31,洗练石
2025-12-31,洗练石
2025-12-31,洗练石
2025-12-31,洗练石
2025-12-31,洗练石
2025-12-31,洗练石
2026-01-01,高级必杀
2026-01-01,洗练石
2026-01-01,洗练石
2026-01-01,尘封的符石
2026-01-01,洗练石
2026-01-01,洗练石
2026-01-02,洗练石
2026-01-02,尘封的符石
2026-01-02,洗练石
2026-01-02,洗练石
2026-01-02,尘封的符石
2026-01-02,尘封的符石
2026-01-02,尘封的符石
2026-01-03,洗练石
2026-01-03,洗练石
2026-01-03,洗练石
2026-01-03,尘封的符石
2026-01-03,洗练石
2026-01-03,洗练石
2026-01-03,洗练石
2026-01-03,洗练石
2026-01-03,洗练石
2026-01-03,尘封的符石
2026-01-03,尘封的符石
2026-01-03,尘封的符石
2026-01-04,洗练石
2026-01-04,洗练石
2026-01-04,洗练石
